{
   "file_counts" : 13,
   "file_list" : [
      {
         "file_describe_code" : 4,
         "file_name" : ".DS_Store",
         "layer_name" : "nil"
      },
      {
         "file_describe_code" : 0,
         "file_name" : "kittvoiceV1-B_Cu.gbr",
         "layer_name" : "bl"
      },
      {
         "file_describe_code" : 0,
         "file_name" : "kittvoiceV1-B_Mask.gbr",
         "layer_name" : "bs"
      },
      {
         "file_describe_code" : 0,
         "file_name" : "kittvoiceV1-B_Paste.gbr",
         "layer_name" : "bp"
      },
      {
         "file_describe_code" : 0,
         "file_name" : "kittvoiceV1-B_Silkscreen.gbr",
         "layer_name" : "bo"
      },
      {
         "file_describe_code" : 2,
         "file_name" : "kittvoiceV1-Edge_Cuts.gbr",
         "layer_name" : "gko"
      },
      {
         "file_describe_code" : 0,
         "file_name" : "kittvoiceV1-F_Cu.gbr",
         "layer_name" : "tl"
      },
      {
         "file_describe_code" : 0,
         "file_name" : "kittvoiceV1-F_Mask.gbr",
         "layer_name" : "ts"
      },
      {
         "file_describe_code" : 0,
         "file_name" : "kittvoiceV1-F_Paste.gbr",
         "layer_name" : "tp"
      },
      {
         "file_describe_code" : 0,
         "file_name" : "kittvoiceV1-F_Silkscreen.gbr",
         "layer_name" : "to"
      },
      {
         "file_describe_code" : 0,
         "file_name" : "kittvoiceV1-NPTH.drl",
         "layer_name" : "npth"
      },
      {
         "file_describe_code" : 0,
         "file_name" : "kittvoiceV1-PTH.drl",
         "layer_name" : "drl"
      },
      {
         "file_describe_code" : 4,
         "file_name" : "kittvoiceV1-job.gbrjob",
         "layer_name" : "nil"
      }
   ]
}
